Discount ${discount} For All Orders Over ${price}, Remise de ${discount} pour toutes les commandes de plus de ${price}.
Please select, Veuillez sélectionner
The page you requested does not exist., La page que vous avez demandée n'existe pas.
Continue shopping, Continuer vos achats
404 Page Not Found, 404 Page non trouvée
Home, Accueil
Not found, Non trouvé
FEATURED PRODUCTS, PRODUITS PHARES
Jan {day}, {day} Jan
Feb {day}, {day} Fev
Mar {day}, {day} Mar
Apr {day}, {day} Avr
May {day}, {day} Mai
Jun {day}, {day} Jun
Jul {day}, {day} Jul
Aug {day}, {day} Aou
Sep {day}, {day} Sep
Oct {day}, {day} Oct
Nov {day}, {day} Nov
Dec {day}, {day} Dec
January, Janvier
February, Février
March, Mars
April, Avril
May, Mai
June, Juin
July, Juillet
August, Août
September, Septembre
October, Octobre
November, Novembre
December, Décembre
Monday, Lundi
Tuesday, Mardi
Wednesday, Mercredi
Thursday, Jeudi
Friday, Vendredi
Saturday, Samedi
Sunday, Dimanche
Search, Recherche
General, Général
Name, Nom
Price, Prix